<?xml version="1.0" encoding="utf-8"?>
<rdf:RDF
  xmlns:hsterms="https://www.hydroshare.org/terms/"
  xmlns:dc="http://purl.org/dc/elements/1.1/"
  xmlns:rdfs="http://www.w3.org/2000/01/rdf-schema#"
  xmlns:rdf="http://www.w3.org/1999/02/22-rdf-syntax-ns#"
>
  <rdf:Description rdf:about="http://www.hydroshare.org/terms/ModelInstanceAggregation">
    <rdfs:isDefinedBy rdf:resource="https://www.hydroshare.org/terms/"/>
    <rdfs:label>Model Instance Content: One or more files with specific metadata</rdfs:label>
  </rdf:Description>
  <hsterms:ModelInstanceAggregation rdf:about="http://www.hydroshare.org/resource/12d195906f2c41918cb24e11a5c3ab60/data/contents/model-instance/model-instance_resmap.xml#aggregation">
    <dc:type rdf:resource="https://www.hydroshare.org/terms/ModelInstanceAggregation"/>
    <hsterms:includesModelOutput rdf:datatype="http://www.w3.org/2001/XMLSchema#boolean">true</hsterms:includesModelOutput>
    <dc:subject>Stormwater</dc:subject>
    <dc:title>model-instance</dc:title>
    <dc:language>eng</dc:language>
    <dc:subject>SWMM</dc:subject>
    <dc:subject>decentralized techniques</dc:subject>
    <dc:subject>Watershed</dc:subject>
    <hsterms:executedByModelProgram rdf:resource="http://www.hydroshare.org/resource/2cddae40e9594c21b947fdbbe4225439/data/contents/model-program/model-program_resmap.xml#aggregation"/>
    <dc:rights>
      <rdf:Description>
        <hsterms:URL rdf:resource="http://creativecommons.org/licenses/by/4.0/"/>
        <hsterms:rightsStatement>This resource is shared under the Creative Commons Attribution CC BY.</hsterms:rightsStatement>
      </rdf:Description>
    </dc:rights>
    <dc:subject>Flood mitigation</dc:subject>
  </hsterms:ModelInstanceAggregation>
</rdf:RDF>
