<?xml version="1.0" encoding="UTF-8"?>
<rdf:RDF
   xmlns:citoterms="http://purl.org/spar/cito/"
   xmlns:dc="http://purl.org/dc/elements/1.1/"
   xmlns:dcterms="http://purl.org/dc/terms/"
   xmlns:foaf="http://xmlns.com/foaf/0.1/"
   xmlns:ore="http://www.openarchives.org/ore/terms/"
   xmlns:rdf="http://www.w3.org/1999/02/22-rdf-syntax-ns#"
   xmlns:rdfs1="http://www.w3.org/2001/01/rdf-schema#"
>
  <rdf:Description rdf:about="http://www.openarchives.org/ore/terms/ResourceMap">
    <rdfs1:label>ResourceMap</rdfs1:label>
    <rdfs1:isDefinedBy>http://www.openarchives.org/ore/terms/</rdfs1:isDefinedBy>
  </rdf:Description>
  <rdf:Description rdf:about="http://www.hydroshare.org/resource/12d195906f2c41918cb24e11a5c3ab60/data/contents/model-instance/RBw%20simulation.ini">
    <ore:isAggregatedBy>http://www.hydroshare.org/resource/12d195906f2c41918cb24e11a5c3ab60/data/contents/model-instance/model-instance_resmap.xml#aggregation</ore:isAggregatedBy>
    <dc:format>application/ini</dc:format>
  </rdf:Description>
  <rdf:Description rdf:about="http://www.hydroshare.org/terms/ModelInstanceAggregation">
    <rdfs1:label>Model Instance Aggregation</rdfs1:label>
    <rdfs1:isDefinedBy>http://www.hydroshare.org/terms</rdfs1:isDefinedBy>
  </rdf:Description>
  <rdf:Description rdf:about="http://www.hydroshare.org/resource/12d195906f2c41918cb24e11a5c3ab60/data/contents/model-instance/model-instance_resmap.xml#aggregation">
    <ore:aggregates rdf:resource="http://www.hydroshare.org/resource/12d195906f2c41918cb24e11a5c3ab60/data/contents/model-instance/RBw%20simulation.ini"/>
    <ore:aggregates rdf:resource="http://www.hydroshare.org/resource/12d195906f2c41918cb24e11a5c3ab60/data/contents/model-instance/RBw%20simulation.out"/>
    <ore:aggregates rdf:resource="http://www.hydroshare.org/resource/12d195906f2c41918cb24e11a5c3ab60/data/contents/model-instance/RBw%20simulation.inp"/>
    <ore:isDescribedBy>http://www.hydroshare.org/resource/12d195906f2c41918cb24e11a5c3ab60/data/contents/model-instance/model-instance_resmap.xml</ore:isDescribedBy>
    <ore:aggregates rdf:resource="http://www.hydroshare.org/resource/12d195906f2c41918cb24e11a5c3ab60/data/contents/model-instance/RBw%20simulation.hsf"/>
        <rdf:type rdf:resource="http://www.openarchives.org/ore/terms/Aggregation"/>
    <citoterms:isDocumentedBy>http://www.hydroshare.org/resource/12d195906f2c41918cb24e11a5c3ab60/data/contents/model-instance/model-instance_meta.xml</citoterms:isDocumentedBy>
    <dcterms:type rdf:resource="http://www.hydroshare.org/terms/ModelInstanceAggregation"/>
    <dc:title>model-instance</dc:title>
    <ore:aggregates rdf:resource="http://www.hydroshare.org/resource/12d195906f2c41918cb24e11a5c3ab60/data/contents/model-instance/RBw%20simulation.rpt"/>
    <ore:aggregates rdf:resource="http://www.hydroshare.org/resource/12d195906f2c41918cb24e11a5c3ab60/data/contents/model-instance/model-instance_meta.xml"/>
  </rdf:Description>
  <rdf:Description rdf:about="http://foresite-toolkit.googlecode.com/#pythonAgent">
    <foaf:mbox>foresite@googlegroups.com</foaf:mbox>
    <foaf:name>Foresite Toolkit (Python)</foaf:name>
  </rdf:Description>
  <rdf:Description rdf:about="http://www.hydroshare.org/resource/12d195906f2c41918cb24e11a5c3ab60/data/contents/model-instance/RBw%20simulation.inp">
    <dc:format>chemical/x-gamess-input</dc:format>
    <ore:isAggregatedBy>http://www.hydroshare.org/resource/12d195906f2c41918cb24e11a5c3ab60/data/contents/model-instance/model-instance_resmap.xml#aggregation</ore:isAggregatedBy>
  </rdf:Description>
  <rdf:Description rdf:about="http://www.openarchives.org/ore/terms/Aggregation">
    <rdfs1:label>Aggregation</rdfs1:label>
    <rdfs1:isDefinedBy>http://www.openarchives.org/ore/terms/</rdfs1:isDefinedBy>
  </rdf:Description>
  <rdf:Description rdf:about="http://www.hydroshare.org/resource/12d195906f2c41918cb24e11a5c3ab60/data/contents/model-instance/RBw%20simulation.out">
    <dc:format>application/out</dc:format>
    <ore:isAggregatedBy>http://www.hydroshare.org/resource/12d195906f2c41918cb24e11a5c3ab60/data/contents/model-instance/model-instance_resmap.xml#aggregation</ore:isAggregatedBy>
  </rdf:Description>
  <rdf:Description rdf:about="http://www.hydroshare.org/resource/12d195906f2c41918cb24e11a5c3ab60/data/contents/model-instance/RBw%20simulation.hsf">
    <dc:format>application/hsf</dc:format>
    <ore:isAggregatedBy>http://www.hydroshare.org/resource/12d195906f2c41918cb24e11a5c3ab60/data/contents/model-instance/model-instance_resmap.xml#aggregation</ore:isAggregatedBy>
  </rdf:Description>
  <rdf:Description rdf:about="http://www.hydroshare.org/resource/12d195906f2c41918cb24e11a5c3ab60/data/contents/model-instance/model-instance_meta.xml">
    <citoterms:documents>http://www.hydroshare.org/resource/12d195906f2c41918cb24e11a5c3ab60/data/contents/model-instance/model-instance_resmap.xml#aggregation</citoterms:documents>
    <dc:format>application/rdf+xml</dc:format>
    <ore:isAggregatedBy>http://www.hydroshare.org/resource/12d195906f2c41918cb24e11a5c3ab60/data/contents/model-instance/model-instance_resmap.xml#aggregation</ore:isAggregatedBy>
  </rdf:Description>
  <rdf:Description rdf:about="http://www.hydroshare.org/resource/12d195906f2c41918cb24e11a5c3ab60/data/contents/model-instance/model-instance_resmap.xml">
    <dcterms:created>2023-07-08T09:00:33Z</dcterms:created>
    <dcterms:modified>2023-07-08T09:00:33Z</dcterms:modified>
    <dc:format>application/rdf+xml</dc:format>
    <dcterms:creator rdf:resource="http://foresite-toolkit.googlecode.com/#pythonAgent"/>
    <rdf:type rdf:resource="http://www.openarchives.org/ore/terms/ResourceMap"/>
    <ore:describes rdf:resource="http://www.hydroshare.org/resource/12d195906f2c41918cb24e11a5c3ab60/data/contents/model-instance/model-instance_resmap.xml#aggregation"/>
  </rdf:Description>
  <rdf:Description rdf:about="http://www.hydroshare.org/resource/12d195906f2c41918cb24e11a5c3ab60/data/contents/model-instance/RBw%20simulation.rpt">
    <dc:format>application/rpt</dc:format>
    <ore:isAggregatedBy>http://www.hydroshare.org/resource/12d195906f2c41918cb24e11a5c3ab60/data/contents/model-instance/model-instance_resmap.xml#aggregation</ore:isAggregatedBy>
  </rdf:Description>
</rdf:RDF>
